Year,AnnualCarrierCost
2021,21526830.60604169
2022,23268268.469638087
2023,24826074.303553075
2024,26178264.226160303
2025,27523255.47310906
2026,28843839.726457853
2027,30246876.558946215
2028,31784313.02394695
2029,33625559.94061647
2030,35430922.11983813
2031,37508252.43910731
