Year,AnnualCost
2021,26418299.799516473
2022,28366785.0958316
2023,30227735.492409185
2024,31826625.539897196
2025,33555149.66555376
2026,35156862.58152276
2027,36883924.086208515
2028,38711294.38528363
2029,41022204.23091803
2030,43212471.596612096
2031,45485980.464537546
