Year,AnnualCarrierCost
2021,20813722.76396498
2022,22587050.72594049
2023,24298766.36367204
2024,25629936.291957073
2025,26972373.78469523
2026,28284168.067151487
2027,29683598.711098693
2028,31211296.197130464
2029,33005009.988437984
2030,34834346.54440105
2031,36931461.99448264
