Year,AnnualCost
2021,25745821.32620313
2022,27319982.28980548
2023,28995430.22627832
2024,30509272.41492619
2025,32156695.501473084
2026,33658327.5801978
2027,35131487.06847761
2028,36841402.120780624
2029,39015608.26544223
2030,41092218.8392382
2031,43132228.858323574
