Year,AnnualCost
2021,25539883.88496039
2022,27437636.26306772
2023,29267414.914905906
2024,30838671.729638558
2025,32526119.823500086
2026,34070086.30916374
2027,35651716.42482053
2028,37421750.984310254
2029,39666405.24697083
2030,41783100.822513096
2031,43986485.61030049
