Year,AnnualCarrierCost
2021,20894304.879434172
2022,22601851.407503303
2023,24151329.881592803
2024,25449812.5682167
2025,26762552.135399677
2026,28035954.77647651
2027,29430499.00001588
2028,30915960.72503623
2029,32687979.69937135
2030,34443292.007782444
2031,36410642.83862234
