Year,AnnualCarrierCost
2021,20894304.879434176
2022,22601819.73886941
2023,24127395.213552672
2024,25448089.46246882
2025,26793330.95518734
2026,28092206.79262439
2027,29505024.24817515
2028,31008187.969718315
2029,32825139.112340376
2030,34721534.19442985
2031,36616495.67774221
