Year,AnnualECTCost
2021,4852024.2703654235
2022,5058628.813019515
2023,5355278.031562671
2024,5583710.145602701
2025,5911351.043739166
2026,6142327.036130049
2027,6299119.930714582
2028,6547463.635397667
2029,6949735.088038521
2030,7194852.60021879
2031,7370170.612258077
