Year,AnnualStorageCost
2021,39444.92310936
2022,39444.92310936
2023,39444.92310936
2024,51377.68058436
2025,57344.059321860004
2026,58298.679919860006
2027,66322.50597979313
2028,71185.82601750178
2029,123839.44524253042
2030,171652.04603200522
2031,171652.04603200522
