Year,AnnualCarrierCost
2021,20894304.877288587
2022,22601850.072497696
2023,24151385.02888023
2024,25519540.06278613
2025,26942498.53408052
2026,28345186.36929938
2027,29835365.949886613
2028,31428790.54683178
2029,33325577.859373715
2030,35237310.01835306
2031,37311872.86426495
