Year,AnnualCarrierCost
2021,20894304.879434176
2022,22601819.738869406
2023,24127395.213552672
2024,25448089.46246882
2025,26793330.955187343
2026,28091823.989186343
2027,29507233.54153968
2028,31011669.593537234
2029,32797668.31194125
2030,34591524.05373979
2031,36611992.00400804
